{
  "train_metrics": {
    "R2_log": 0.6194018056491744,
    "MAE_hours": 2.61058946977002,
    "RMSE_hours": 5.616874365878135
  },
  "val_metrics": {
    "R2_log": 0.5987168260674033,
    "MAE_hours": 2.1660060254073725,
    "RMSE_hours": 4.256992892433576
  },
  "test_metrics": {
    "R2_log": 0.675174665809809,
    "MAE_hours": 2.379872786102509,
    "RMSE_hours": 5.402190492333995
  },
  "n_rows_total_after_target_cleaning": 1369,
  "n_rows_train": 958,
  "n_rows_val": 205,
  "n_rows_test": 206,
  "n_features": 5,
  "selected_features": [
    "1 (60950-1)",
    "Lab. SH",
    "standard_count",
    "total_CB_count",
    "total_test_count"
  ],
  "feature_version": "LAB_V1"
}