{
    "train_metrics": {
        "R2_log": 0.18591728903859162,
        "MAE_hours": 0.9732383504222539,
        "RMSE_hours": 1.151755059938581
    },
    "val_metrics": {
        "R2_log": 0.017591875942302826,
        "MAE_hours": 1.1208704754976326,
        "RMSE_hours": 1.2994090209816542
    },
    "test_metrics": {
        "R2_log": 0.12902574043268034,
        "MAE_hours": 1.0111687669784415,
        "RMSE_hours": 1.1899765086737042
    },
    "n_rows_total_after_target_cleaning": 583,
    "n_rows_train": 408,
    "n_rows_val": 87,
    "n_rows_test": 88,
    "n_features": 4,
    "selected_features": [
        "standard_count",
        "total_CB_count",
        "total_test_count",
        "1 (60950-1)"
    ],
    "feature_version": "LAB_4_INPUT_TEST"
}